sample;species;site;year;date;site_type2;site_type;batch;d13C;d15N
AC11;MG;A;2014;10;I;I;4;-23,7007954;4,713064586
AC13;MG;A;2014;12;I;I;4;-23,08437393;3,870953954
AC14;MG;A;2014;12;I;I;4;-23,40000274;2,225964675
AC17;MG;A;2014;12;I;I;4;-23,45819109;3,65100561
AC21;MG;A;2014;12;I;I;6;-23,67106488;7,134982481
AC27;MG;A;2014;12;I;I;4;-24,44526893;4,514093582
AC40;MG;A;2014;12;I;I;4;-23,32703659;3,951309892
AC41;MG;A;2014;12;I;I;5;-22,55310942;4,731417845
AC44;MG;A;2014;12;I;I;5;-23,64086741;3,826762686
AC47;MG;A;2014;12;I;I;4;-23,30176505;3,604759564
AC70;MG;A;2014;12;I;I;4;-23,14504282;3,987181347
AC71;MG;A;2014;12;I;I;4;-22,99855481;2,524124591
AC77;MG;A;2014;12;I;I;4;-23,12258243;3,8861638
BC01;MG;B;2014;15;M;ME;5;-23,20718736;4,915404632
BC02;MG;B;2014;15;M;ME;4;-22,93655456;5,023849942
BC04;MG;B;2014;15;M;ME;4;-23,54635576;3,368973651
BC05;MG;B;2014;18;M;ME;5;-25,50220275;7,244489372
BC07;MG;B;2014;15;M;ME;4;-23,31465754;4,203381044
BC10;MG;B;2014;15;M;ME;4;-24,88715367;1,923263885
BC21;MG;B;2014;18;M;ME;5;-23,41888243;6,732882261
BC40;MG;B;2014;16;M;ME;4;-23,82331537;5,795283335
BC41;MG;B;2014;18;M;ME;5;-22,92386934;3,291042767
BC70;MG;B;2014;16;M;ME;5;-23,04245129;4,96171942
CC01;MG;C;2014;19;I;I;4;-23,41663513;6,580646356
CC04;MG;C;2014;20;I;I;4;-24,51502285;7,075127211
CC07;MG;C;2014;21;I;I;6;-23,34870547;6,502486545
DC01;MG;D;2014;23;M;MW;5;-24,12709234;7,267307143
DC02;MG;D;2014;23;M;MW;5;-23,54622844;4,165339535
DC04;MG;D;2014;23;M;MW;5;-23,01457822;5,884530914
DC07;MG;D;2014;23;M;MW;5;-23,50059002;3,954697664
DC10;MG;D;2014;23;M;MW;5;-22,56431722;3,527746748
DC11;MG;D;2014;26;M;MW;5;-23,42792885;5,088904054
DC20;MG;D;2014;23;M;MW;5;-23,3007507;4,32788571
DC21;MG;D;2014;26;M;MW;5;-23,26005315;4,10167798
DC40;MG;D;2014;26;M;MW;5;-22,5967824;3,283937394
DC41;MG;D;2014;26;M;MW;5;-22,89974438;4,044755206
DC43;MG;D;2014;26;M;MW;5;-24,1828473;7,282488471
DC70;MG;D;2014;26;M;MW;5;-22,75047295;8,371515414
DC71;MG;D;2014;26;M;MW;5;-23,63601632;5,85913204
EC01;MG;E;2014;31;I;I;5;-26,06607606;9,155731846
EC02;MG;E;2014;31;I;I;6;-23,81252231;5,268302323
EC04;MG;E;2014;31;I;I;5;-24,48197257;6,236743712
EC07;MG;E;2014;31;I;I;5;-23,4530979;5,874572624
EC10;MG;E;2014;31;I;I;5;-23,36438576;7,319488123
EC11;MG;E;2014;33;I;I;5;-23,92738451;5,395708138
EC12;MG;E;2014;33;I;I;5;-24,27249503;7,622180455
EC20;MG;E;2014;33;I;I;5;-24,08612308;5,814790754
EC41;MG;E;2014;33;I;I;6;-23,75861635;5,370981253
EC70;MG;E;2014;33;I;I;5;-23,60270583;7,143749058
FC01;MG;F;2014;37;M;ME;4;-23,33848714;9,198527793
FC02;MG;F;2014;37;M;ME;4;-23,27944339;9,222077265
FC04;MG;F;2014;37;M;ME;4;-23,06848336;3,325710576
FC07;MG;F;2014;37;M;ME;4;-23,60457405;5,621693163
GC02;MG;G;2014;39;I;I;6;-23,35057214;6,355546222
GC04;MG;G;2014;39;I;I;6;-23,92107535;6,36352348
GC07;MG;G;2014;39;I;I;5;-25,16010808;9,567554902
GC10;MG;G;2014;39;I;I;5;-23,6708659;5,332737541
GC12;MG;G;2014;39;I;I;5;-23,15583239;6,282129443
GC20;MG;G;2014;39;I;I;5;-23,51509976;6,339121657
GC21;MG;G;2014;39;I;I;5;-22,84848432;6,393334254
GC27;MG;G;2014;40;I;I;5;-23,65404687;3,064360107
GC40;MG;G;2014;39;I;I;6;-23,99041466;5,517879828
GC77;MG;G;2014;40;I;I;5;-23,8731509;2,987269916
HC01;MG;H;2014;43;M;MW;5;-24,2848885;7,402659584
HC02;MG;H;2014;43;M;MW;5;-23,08471891;4,334396678
HC04;MG;H;2014;47;M;MW;5;-24,90515569;7,066924556
HC07;MG;H;2014;47;M;MW;5;-24,17437506;7,191253201
HC10;MG;H;2014;47;M;MW;5;-23,3466618;3,35089664
HC11;MG;H;2014;48;M;MW;5;-24,83446506;6,966533952
HC20;MG;H;2014;47;M;MW;5;-23,20775263;3,045191075
HC21;MG;H;2014;48;M;MW;5;-23,45730324;5,020832747
HC40;MG;H;2014;47;M;MW;5;-23,67234848;6,049099614
HC70;MG;H;2014;48;M;MW;5;-24,51793547;8,089502432
IC02;MG;I;2014;49;I;I;6;-23,85821642;5,754471083
IC04;MG;I;2014;49;I;I;6;-22,95902118;6,645913753
IC05;MG;I;2014;51;I;I;6;-23,88926405;7,779557598
IC07;MG;I;2014;49;I;I;6;-24,49283156;6,270976316
IC10;MG;I;2014;49;I;I;6;-23,79735733;8,540326112
IC11;MG;I;2014;49;I;I;6;-23,21062423;6,444093075
IC14;MG;I;2014;51;I;I;6;-24,68392997;5,964740459
IC41;MG;I;2014;51;I;I;6;-23,88284447;5,747372947
IC44;MG;I;2014;52;I;I;6;-23,66054787;6,090679071
IC70;MG;I;2014;49;I;I;6;-23,31842325;5,995323406
IC71;MG;I;2014;51;I;I;6;-23,72973792;7,059334607
JC01;MG;J;2014;54;I;I;6;-23,32328767;7,141716964
JC02;MG;J;2014;54;I;I;6;-24,08155264;8,312549354
JC04;MG;J;2014;54;I;I;6;-24,80439284;9,582102676
JC07;MG;J;2014;54;I;I;6;-24,34766025;9,803565794
JC10;MG;J;2014;54;I;I;6;-24,5964016;8,898259667
JC11;MG;J;2014;55;I;I;6;-24,59072857;10,21508854
JC12;MG;J;2014;55;I;I;6;-24,74790651;9,379056842
JC20;MG;J;2014;55;I;I;6;-24,6678298;9,476853979
JC22;MG;J;2014;55;I;I;6;-22,68391191;6,250479244
JC70;MG;J;2014;55;I;I;6;-23,35226247;4,83483379
AAC11;MG;A;2015;10;I;I;4;-23,65269702;1,896567227
AAC17;MG;A;2015;10;I;I;4;-23,47644992;0,479730666
AAC21;MG;A;2015;10;I;I;6;-23,51292612;1,702099426
AAC22;MG;A;2015;11;I;I;6;-24,03091834;2,649613464
AAC24;MG;A;2015;11;I;I;6;-23,24502205;2,101306833
BC14;MG;B;2015;52;M;ME;4;-23,71822328;6,854183139
BC17;MG;B;2015;52;M;ME;4;-23,61066529;6,541110646
BC22;MG;B;2015;52;M;ME;5;-23,74704545;7,828839561
BC24;MG;B;2015;52;M;ME;4;-23,67527222;7,17531436
BC42;MG;B;2015;52;M;ME;4;-23,73225863;7,603040842
BC44;MG;B;2015;52;M;ME;5;-23,17185248;9,001262929
BC52;MG;B;2015;53;M;ME;4;-23,07283712;5,797337943
BC54;MG;B;2015;53;M;ME;4;-23,48450739;3,949784434
BC57;MG;B;2015;53;M;ME;5;-24,19944576;9,577854331
BC61;MG;B;2015;53;M;ME;4;-23,5422688;8,625596702
BC62;MG;B;2015;53;M;ME;5;-23,45718651;4,462707475
BC72;MG;B;2015;52;M;ME;5;-23,40972389;7,395998857
BC81;MG;B;2015;53;M;ME;5;-25,00835351;5,979896232
DC15;MG;D;2015;45;M;MW;6;-24,01779325;5,213720526
DC25;MG;D;2015;45;M;MW;6;-23,01686268;5,329463044
DC28;MG;D;2015;45;M;MW;6;-23,37976379;3,25108674
DC29;MG;D;2015;46;M;MW;5;-23,76588422;4,803314697
DC31;MG;D;2015;46;M;MW;5;-23,30132858;5,111304245
DC32;MG;D;2015;46;M;MW;5;-23,50915083;5,923396712
DC49;MG;D;2015;46;M;MW;5;-23,18676944;6,887864494
DC73;MG;D;2015;45;M;MW;6;-23,20348206;5,497797819
DC75;MG;D;2015;45;M;MW;6;-25,24036325;0,778177428
DC79;MG;D;2015;46;M;MW;6;-23,21572106;6,739220372
EC13;MG;E;2015;59;I;I;5;-23,30226111;8,314511812
EC14;MG;E;2015;59;I;I;5;-23,47323122;8,492862916
EC15;MG;E;2015;60;I;I;5;-24,0430056;6,930885138
EC17;MG;E;2015;59;I;I;5;-23,25792381;8,288749586
EC25;MG;E;2015;60;I;I;5;-24,24325123;3,493438237
EC44;MG;E;2015;59;I;I;5;-24,00844555;6,094071831
EC73;MG;E;2015;60;I;I;5;-24,09948969;6,911920046
EC74;MG;E;2015;59;I;I;5;-23,48694013;8,490896911
FFC12;MG;F;2015;30;M;ME;5;-22,91593343;3,805451363
GC29;MG;G;2015;44;I;I;5;-23,30008286;6,038449697
GC31;MG;G;2015;44;I;I;6;-23,42007092;7,583990195
GC32;MG;G;2015;44;I;I;5;-22,92480144;4,117665845
GC75;MG;G;2015;43;I;I;6;-23,40909056;4,325952428
GC76;MG;G;2015;43;I;I;5;-23,73382561;4,247524303
GGC11;MG;G;2015;43;I;I;5;-23,45633719;4,288159535
GGC18;MG;G;2015;43;I;I;5;-22,90760547;0,386455264
IC13;MG;I;2015;54;I;I;6;-23,73209527;2,944962237
IC18;MG;I;2015;55;I;I;6;-23,67830063;7,160690013
IC28;MG;I;2015;55;I;I;6;-23,50514144;6,682428776
IC48;MG;I;2015;55;I;I;6;-23,34945147;6,848746866
IC76;MG;I;2015;55;I;I;6;-24,16778823;5,975698802
JC29;MG;J;2015;22;I;I;5;-24,05057564;6,321253406
JC45;MG;J;2015;22;I;I;5;-23,19087199;6,209373385
JC49;MG;J;2015;22;I;I;5;-22,82639473;4,554531517
JC74;MG;J;2015;21;I;I;5;-22,68217166;4,713768942
JC96;MG;J;2015;22;I;I;5;-24,00605969;6,697315901
KC16;MG;K;2015;48;I;I;6;-24,821726;5,698606455
KC18;MG;K;2015;48;I;I;5;-24,96915408;5,344274015
KC19;MG;K;2015;48;I;I;5;-26,95053253;7,623020828
KC24;MG;K;2015;47;I;I;5;-24,70662159;6,072738494
KC25;MG;K;2015;48;I;I;6;-25,20514539;6,809832252
KC26;MG;K;2015;48;I;I;6;-24,81053363;7,454670115
KC27;MG;K;2015;47;I;I;5;-23,52315213;6,188750504
KC29;MG;K;2015;48;I;I;5;-24,2642493;7,324959441
KC54;MG;K;2015;49;I;I;6;-24,99185285;7,138626299
KC62;MG;K;2015;49;I;I;5;-24,28694247;5,61618835
KC64;MG;K;2015;49;I;I;5;-24,87434875;4,836118857
KC67;MG;K;2015;49;I;I;5;-24,46184407;10,06435117
KC71;MG;K;2015;48;I;I;6;-24,82500531;6,00469953
KC78;MG;K;2015;48;I;I;5;-23,99490309;5,49663398
KC79;MG;K;2015;48;I;I;5;-25,93459546;8,877301653
KC82;MG;K;2015;49;I;I;5;-25,91237982;8,619674728
LC12;MG;L;2015;16;I;I;6;-23,64838089;3,120390905
LC14;MG;L;2015;16;I;I;6;-22,71049114;5,777335301
LC21;MG;L;2015;13;I;I;6;-23,92820443;5,966391791
LC22;MG;L;2015;13;I;I;6;-22,89979497;3,100102811
LC24;MG;L;2015;16;I;I;6;-22,71404564;2,926982977
LC27;MG;L;2015;16;I;I;6;-24,04497935;5,435726531
LC42;MG;L;2015;16;I;I;6;-23,76692054;3,690759553
LC44;MG;L;2015;13;I;I;6;-23,98897202;2,895195051
LC47;MG;L;2015;16;I;I;6;-22,82132012;5,685034787
LC72;MG;L;2015;16;I;I;6;-23,73014881;5,402903374
LC74;MG;L;2015;13;I;I;6;-24,14343961;2,441093388
MC11;MG;M;2015;38;I;I;5;-23,45114856;5,216676193
MC12;MG;M;2015;38;I;I;5;-23,22003873;9,140178229
MC14;MG;M;2015;39;I;I;5;-23,29030326;8,375631096
MC17;MG;M;2015;39;I;I;5;-23,85175409;5,838575289
MC21;MG;M;2015;38;I;I;6;-23,43154758;8,695400487
MC24;MG;M;2015;39;I;I;5;-23,31037596;9,022724428
NC12;MG;N;2015;25;M;MW;6;-24,17818485;4,525412116
NC14;MG;N;2015;25;M;MW;6;-23,40280662;3,265594695
NC16;MG;N;2015;26;M;MW;6;-23,9739435;3,218118527
NC18;MG;N;2015;26;M;MW;6;-22,81915102;5,462761523
NC25;MG;N;2015;26;M;MW;6;-24,03679187;5,877199616
NC28;MG;N;2015;26;M;MW;6;-24,52763593;3,396656243
NC29;MG;N;2015;26;M;MW;6;-23,4196264;4,328265241
NC44;MG;N;2015;26;M;MW;6;-24,15361262;3,000602965
NC45;MG;N;2015;26;M;MW;6;-23,15559965;3,84324912
NC46;MG;N;2015;26;M;MW;6;-23,76841719;3,869968692
NC47;MG;N;2015;26;M;MW;6;-25,36749944;6,757225289
NC74;MG;N;2015;26;M;MW;6;-23,2104703;3,951301355
NC77;MG;N;2015;26;M;MW;6;-25,21166324;1,315824602
NC78;MG;N;2015;26;M;MW;6;-22,82038241;4,197584364
NC79;MG;N;2015;26;M;MW;6;-23,55356159;4,076858265
OC11;MG;O;2015;6;I;I;6;-23,63332211;1,538393835
OC12;MG;O;2015;6;I;I;6;-23,6984896;1,482194565
OC14;MG;O;2015;6;I;I;6;-23,72837365;3,476039739
OC17;MG;O;2015;9;I;I;6;-23,23901176;4,675263663
PC11;MG;P;2015;61;I;I;6;-24,42076625;8,832788915
PC12;MG;P;2015;61;I;I;6;-24,38919376;6,303922498
PC14;MG;P;2015;61;I;I;6;-24,32154629;4,404348655
PC18;MG;P;2015;61;I;I;6;-24,07651348;6,927436346
PC21;MG;P;2015;61;I;I;6;-23,44802715;7,133934216
PC25;MG;P;2015;61;I;I;6;-23,88528265;4,291713127
PC28;MG;P;2015;61;I;I;6;-24,73515865;5,425440752
PC33;MG;P;2015;63;I;I;6;-23,89057179;8,095907374
PC51;MG;P;2015;62;I;I;6;-27,11132719;4,710847671
PC52;MG;P;2015;62;I;I;6;-24,67071931;8,003038247
PC54;MG;P;2015;62;I;I;6;-24,16085644;5,192450981
PC61;MG;P;2015;62;I;I;6;-24,46143036;7,944254332
PC62;MG;P;2015;62;I;I;6;-24,71822434;7,523911019
PC97;MG;P;2015;63;I;I;6;-23,27791759;8,29086044
QC11;MG;Q;2015;35;I;I;5;-23,92132659;7,448335031
QC12;MG;Q;2015;35;I;I;5;-23,99865016;4,852635396
QC14;MG;Q;2015;35;I;I;5;-24,15650355;4,763257356
QC17;MG;Q;2015;36;I;I;5;-23,375262;4,563813046
QC21;MG;Q;2015;36;I;I;5;-22,73682964;4,538919317
QC27;MG;Q;2015;37;I;I;6;-24,29363805;2,947737349
QC47;MG;Q;2015;37;I;I;6;-23,08899088;5,197466027
QC77;MG;Q;2015;37;I;I;6;-23,17467872;7,304333213
FFFC11;MG;F;2016;1;M;ME;4;-23,59116154;10,90984188
LLC12;MG;L;2016;17;I;I;4;-23,56077083;8,651916507
LLC14;MG;L;2016;17;I;I;4;-23,38005922;3,670983953
LLC17;MG;L;2016;17;I;I;4;-23,39209122;3,548263763
LLC22;MG;L;2016;17;I;I;4;-23,66359357;5,816077106
LLC24;MG;L;2016;17;I;I;4;-24,0304623;8,015910814
LLC51;MG;L;2016;19;I;I;4;-25,0702912;8,942788259
LLC82;MG;L;2016;21;I;I;4;-23,38933244;4,846660002
LLC84;MG;L;2016;21;I;I;4;-25,02962633;9,84635076
A01;PM;A;2014;9;I;I;1;-24,92937079;5,573594134
A04;PM;A;2014;10;I;I;1;-25,04500746;8,311838417
A07;PM;A;2014;10;I;I;1;-24,77942396;6,630643433
A10;PM;A;2014;10;I;I;1;-24,18619247;4,509626831
A14;PM;A;2014;10;I;I;1;-24,32544092;7,572564604
B04;PM;B;2014;15;M;ME;3;-24,61092795;5,2892411
B07;PM;B;2014;15;M;ME;3;-25,28446685;2,343896323
B10;PM;B;2014;15;M;ME;3;-23,92217397;2,348715824
B11;PM;B;2014;16;M;ME;3;-25,35869673;6,463820435
B12;PM;B;2014;18;M;ME;3;-24,30769558;3,623842266
B41;PM;B;2014;16;M;ME;3;-25,09944152;3,924295249
B42;PM;B;2014;18;M;ME;3;-24,84475015;2,480898937
B70;PM;B;2014;16;M;ME;3;-25,0430655;3,391665339
B71;PM;B;2014;16;M;ME;3;-24,42906925;3,780931308
C04;PM;C;2014;19;I;I;2;-24,92611258;6,952245944
C10;PM;C;2014;19;I;I;2;-24,88461889;7,562185318
C11;PM;C;2014;19;I;I;2;-25,57264444;8,20428792
C13;PM;C;2014;21;I;I;2;-25,02913624;6,915181579
C14;PM;C;2014;20;I;I;3;-25,63053947;7,295852858
C17;PM;C;2014;21;I;I;3;-23,47777912;7,02021469
C20;PM;C;2014;19;I;I;2;-23,09496898;6,994249343
C21;PM;C;2014;19;I;I;2;-24,22585522;6,799487234
C23;PM;C;2014;21;I;I;3;-26,23539985;8,811985319
C24;PM;C;2014;20;I;I;3;-25,24638173;7,17631813
C27;PM;C;2014;21;I;I;3;-26,46882347;8,268478891
C40;PM;C;2014;19;I;I;3;-25,35535512;7,286843998
C41;PM;C;2014;19;I;I;3;-22,56995701;6,556586482
C42;PM;C;2014;20;I;I;3;-24,16610982;5,131328646
C43;PM;C;2014;21;I;I;3;-25,11631157;7,184902181
C44;PM;C;2014;20;I;I;3;-24,73573936;7,170169033
C47;PM;C;2014;21;I;I;3;-23,97934417;6,81238155
C70;PM;C;2014;19;I;I;4;-24,94964519;7,299820734
C71;PM;C;2014;19;I;I;4;-24,60684102;6,85539167
C72;PM;C;2014;20;I;I;3;-25,44775127;7,757100123
C73;PM;C;2014;21;I;I;3;-23,67359237;5,612804493
C74;PM;C;2014;20;I;I;3;-26,43503932;8,193380164
C77;PM;C;2014;21;I;I;4;-24,61789685;3,031364617
D01;PM;D;2014;23;M;MW;2;-25,10736188;4,400954912
D04;PM;D;2014;23;M;MW;2;-24,20185302;2,025473203
D07;PM;D;2014;23;M;MW;2;-24,18212019;3,790119016
D10;PM;D;2014;23;M;MW;1;-23,6552797;3,535993062
D11;PM;D;2014;26;M;MW;2;-24,380387;3,286931281
D12;PM;D;2014;26;M;MW;2;-25,00264581;4,580444762
D14;PM;D;2014;27;M;MW;1;-25,95203228;7,535158726
D20;PM;D;2014;23;M;MW;1;-24,8807002;4,874088033
D21;PM;D;2014;26;M;MW;1;-26,48273344;7,602142327
D22;PM;D;2014;27;M;MW;1;-24,51900247;4,281284347
D40;PM;D;2014;23;M;MW;1;-24,71275195;2,530432159
D42;PM;D;2014;27;M;MW;1;-26,37967901;6,627492916
D70;PM;D;2014;23;M;MW;1;-24,06796049;5,115073986
D71;PM;D;2014;26;M;MW;1;-23,3138903;2,748173752
E01;PM;E;2014;31;I;I;1;-23,77367172;3,853858516
E02;PM;E;2014;31;I;I;1;-24,21701416;5,825678977
E04;PM;E;2014;31;I;I;2;-24,89573506;6,067000862
E10;PM;E;2014;31;I;I;2;-24,94641603;5,754555639
E11;PM;E;2014;33;I;I;1;-25,94095968;8,450287538
E20;PM;E;2014;33;I;I;1;-25,68020784;5,442610576
E21;PM;E;2014;34;I;I;1;-25,7437974;6,013520325
E40;PM;E;2014;33;I;I;1;-24,55557841;6,99567863
E41;PM;E;2014;34;I;I;1;-23,65897146;3,587838213
E70;PM;E;2014;33;I;I;1;-24,99042944;7,327276873
F01;PM;F;2014;35;M;ME;1;-24,98268422;4,255643503
F07;PM;F;2014;42;M;ME;1;-25,36074829;5,920552758
F10;PM;F;2014;42;M;ME;1;-23,04808864;0,92207857
F11;PM;F;2014;42;M;ME;2;-25,00600692;4,953232209
F12;PM;F;2014;37;M;ME;1;-27,07127267;4,043309817
F20;PM;F;2014;42;M;ME;1;-23,95103188;7,610630746
F21;PM;F;2014;37;M;ME;1;-26,66209887;9,272870243
F41;PM;F;2014;37;M;ME;1;-26,79162372;2,595300777
F70;PM;F;2014;42;M;ME;1;-25,62587442;4,519144652
F71;PM;F;2014;37;M;ME;1;-24,59449972;3,998579724
G01;PM;G;2014;40;I;I;1;-24,17641131;6,533119904
H01;PM;H;2014;43;M;MW;1;-25,44965034;7,205817097
H02;PM;H;2014;43;M;MW;1;-25,01239061;5,350088548
H04;PM;H;2014;43;M;MW;1;-25,23623938;6,559899972
H07;PM;H;2014;43;M;MW;1;-24,78467182;5,121383185
H10;PM;H;2014;43;M;MW;1;-24,57228532;2,922021548
H11;PM;H;2014;43;M;MW;1;-24,91075116;6,492568595
H12;PM;H;2014;47;M;MW;1;-25,84901231;6,821783592
H20;PM;H;2014;43;M;MW;1;-24,47178556;4,688474189
H21;PM;H;2014;47;M;MW;1;-25,60134371;5,338738945
H22;PM;H;2014;47;M;MW;1;-24,96464315;4,510196062
H40;PM;H;2014;43;M;MW;1;-26,01150899;3,067241327
H41;PM;H;2014;47;M;MW;1;-25,85126711;7,27255095
H44;PM;H;2014;48;M;MW;1;-24,9759773;4,536929979
H70;PM;H;2014;43;M;MW;1;-24,64680333;6,123605003
H71;PM;H;2014;47;M;MW;1;-24,25908397;2,842525413
I01;PM;I;2014;49;I;I;1;-25,22052542;8,581018445
I02;PM;I;2014;49;I;I;1;-24,77174731;6,076171022
I04;PM;I;2014;49;I;I;1;-25,7815599;8,984436974
I10;PM;I;2014;49;I;I;1;-23,37992897;6,735259418
I11;PM;I;2014;51;I;I;1;-24,67611228;5,845868503
I20;PM;I;2014;49;I;I;1;-24,97524375;6,083610825
I21;PM;I;2014;51;I;I;1;-25,72205423;7,211146089
I40;PM;I;2014;51;I;I;3;-24,62083489;6,159835289
I41;PM;I;2014;51;I;I;1;-25,47227936;7,558972643
I70;PM;I;2014;51;I;I;1;-25,85063;8,383598317
J01;PM;J;2014;54;I;I;1;-26,52723734;7,269814054
J02;PM;J;2014;54;I;I;1;-25,9599456;8,934699135
J04;PM;J;2014;54;I;I;1;-24,90343292;5,805563977
J08;PM;J;2014;54;I;I;1;-24,71448655;7,402259164
J11;PM;J;2014;55;I;I;1;-26,85964907;8,566925276
J20;PM;J;2014;55;I;I;1;-26,53322241;8,611029297
J40;PM;J;2014;55;I;I;1;-25,10826825;8,255385464
J70;PM;J;2014;55;I;I;2;-26,97809572;8,101801738
X01;PM;X;2014;7;M;ME;1;-24,70670354;3,230692565
X02;PM;X;2014;7;M;ME;1;-24,36921895;3,832123777
X04;PM;X;2014;7;M;ME;1;-22,78862851;2,780440773
X07;PM;X;2014;7;M;ME;1;-23,13510191;2,679811468
X10;PM;X;2014;7;M;ME;1;-24,22449648;2,801770356
X20;PM;X;2014;7;M;ME;1;-23,89188192;7,18616838
AA11;PM;A;2015;10;I;I;1;-22,44054793;2,2182331
AA14;PM;A;2015;10;I;I;1;-23,28638283;1,753081315
AA17;PM;A;2015;10;I;I;1;-22,31663227;3,475138997
AA21;PM;A;2015;10;I;I;1;-23,43561724;5,65265137
AA24;PM;A;2015;11;I;I;1;-23,20356471;2,644363313
AA27;PM;A;2015;11;I;I;1;-22,43955223;2,640606281
AA41;PM;A;2015;11;I;I;1;-22,0735736;3,915909431
B14;PM;B;2015;52;M;ME;3;-23,78875058;3,809062582
B17;PM;B;2015;53;M;ME;3;-24,92107335;6,821822599
B27;PM;B;2015;53;M;ME;3;-23,81698724;3,140457339
B31;PM;B;2015;53;M;ME;3;-23,28603481;5,303434932
B47;PM;B;2015;53;M;ME;3;-23,92332165;6,880253619
B72;PM;B;2015;52;M;ME;3;-24,64777119;6,512647515
B77;PM;B;2015;53;M;ME;3;-23,82715959;7,029725813
D19;PM;D;2015;46;M;MW;2;-24,13166525;5,388131763
D25;PM;D;2015;45;M;MW;2;-24,93159928;6,578698495
D28;PM;D;2015;46;M;MW;2;-24,1112001;3,282738007
D29;PM;D;2015;46;M;MW;2;-24,94397865;8,846978918
D43;PM;D;2015;45;M;MW;2;-24,28707733;5,765088436
D73;PM;D;2015;45;M;MW;2;-23,78610827;5,453303672
D78;PM;D;2015;46;M;MW;2;-23,87351883;5,460489529
E12;PM;E;2015;59;I;I;2;-23,93161266;3,486731123
E14;PM;E;2015;59;I;I;2;-23,46110646;4,401929723
E22;PM;E;2015;59;I;I;2;-23,95293607;4,676827218
E42;PM;E;2015;59;I;I;2;-24,18998725;5,555521094
E44;PM;E;2015;60;I;I;2;-22,74967006;3,257008132
E71;PM;E;2015;59;I;I;2;-22,17288319;1,667361378
E72;PM;E;2015;59;I;I;2;-23,37455703;4,829412302
FF11;PM;F;2015;29;M;ME;2;-23,12599597;5,892897854
FF12;PM;F;2015;29;M;ME;1;-22,97137847;4,680170941
FF14;PM;F;2015;29;M;ME;2;-23,97752022;3,834559183
FF17;PM;F;2015;30;M;ME;1;-23,03103367;5,383340691
FF22;PM;F;2015;30;M;ME;1;-23,08163404;5,451343743
FF24;PM;F;2015;30;M;ME;1;-24,0604888;3,727323008
I12;PM;I;2015;54;I;I;3;-23,09403078;6,350253104
I14;PM;I;2015;54;I;I;3;-23,83737144;6,385430883
I17;PM;I;2015;55;I;I;3;-25,04007295;6,406141522
I24;PM;I;2015;54;I;I;3;-24,90467177;6,824165094
I72;PM;I;2015;54;I;I;3;-23,86109223;6,34696972
I74;PM;I;2015;55;I;I;3;-23,80723692;7,663003785
J41;PM;J;2015;21;I;I;1;-23,4760234;8,553183145
J42;PM;J;2015;21;I;I;2;-24,59669006;9,065480103
J44;PM;J;2015;21;I;I;2;-23,2328504;8,803448942
J47;PM;J;2015;21;I;I;2;-25,2060765;10,8759401
J71;PM;J;2015;22;I;I;2;-24,53933183;9,621075746
J72;PM;J;2015;22;I;I;2;-25,11561572;9,007642281
J74;PM;J;2015;22;I;I;2;-24,26453016;8,449831061
K13;PM;K;2015;47;I;I;3;-22,47683468;4,299258477
K15;PM;K;2015;48;I;I;3;-24,5053708;6,929540969
K23;PM;K;2015;47;I;I;3;-23,56995252;7,399896552
K25;PM;K;2015;48;I;I;4;-24,79194677;7,964966459
K26;PM;K;2015;49;I;I;3;-25,69984033;10,18675491
K43;PM;K;2015;47;I;I;3;-25,74028655;9,984061616
K45;PM;K;2015;48;I;I;3;-25,5997835;9,776765123
K46;PM;K;2015;49;I;I;4;-24,34564193;7,480305773
K73;PM;K;2015;48;I;I;4;-24,93764492;8,279434884
K75;PM;K;2015;48;I;I;3;-24,07969303;7,426165365
L11;PM;L;2015;16;I;I;2;-22,82637117;5,338397165
L12;PM;L;2015;13;I;I;2;-23,69297266;6,289860395
L14;PM;L;2015;17;I;I;2;-23,71858678;6,76626364
L18;PM;L;2015;17;I;I;2;-21,82462249;5,004802751
L21;PM;L;2015;13;I;I;2;-24,06629315;7,507586908
L22;PM;L;2015;13;I;I;2;-22,4641595;4,538935508
L24;PM;L;2015;13;I;I;2;-23,39818703;6,968705608
L25;PM;L;2015;17;I;I;2;-25,31331722;10,87039404
L27;PM;L;2015;13;I;I;2;-23,74686023;6,045644269
L27B;PM;L;2015;16;I;I;2;-23,8613804;6,244854167
L44;PM;L;2015;16;I;I;2;-25,32588797;10,89128792
L45;PM;L;2015;17;I;I;2;-23,33079771;7,456591457
L47;PM;L;2015;16;I;I;2;-25,22490057;10,88356865
L71;PM;L;2015;16;I;I;2;-23,86658129;6,393259225
L74;PM;L;2015;16;I;I;2;-24,08083801;6,792352517
L75;PM;L;2015;17;I;I;3;-24,19857952;7,039955367
L77;PM;L;2015;17;I;I;3;-25,25887239;9,780692057
M13;PM;M;2015;39;I;I;3;-22,98855332;5,322418124
M21;PM;M;2015;38;I;I;3;-23,71706596;5,165626627
M22;PM;M;2015;38;I;I;3;-22,92027378;3,729166019
M23;PM;M;2015;39;I;I;3;-22,82275375;4,514121336
M25;PM;M;2015;38;I;I;3;-24,05366684;5,018585452
M27;PM;M;2015;38;I;I;3;-23,96670038;5,396967256
M41;PM;M;2015;38;I;I;3;-23,02075862;5,608036015
M42;PM;M;2015;38;I;I;3;-22,86714748;4,544954395
M43;PM;M;2015;39;I;I;3;-22,68676924;6,792972209
M44;PM;M;2015;38;I;I;3;-22,58418027;3,956905501
M45;PM;M;2015;38;I;I;3;-24,25311142;6,583535012
M71;PM;M;2015;38;I;I;3;-22,8716347;5,904344999
M72;PM;M;2015;38;I;I;3;-22,95333069;2,723560549
M73;PM;M;2015;39;I;I;3;-23,03503764;5,404696324
M74;PM;M;2015;38;I;I;3;-22,2724744;4,493594843
N11;PM;N;2015;25;M;MW;2;-22,27242423;3,274802329
N12;PM;N;2015;25;M;MW;2;-23,15233923;4,081466873
N14;PM;N;2015;25;M;MW;2;-23,23991233;4,342365261
N17;PM;N;2015;25;M;MW;2;-22,84183433;4,461832274
N21;PM;N;2015;25;M;MW;2;-23,91383682;5,860611903
N22;PM;N;2015;25;M;MW;2;-23,44147841;5,694491375
N24;PM;N;2015;26;M;MW;2;-22,70982446;2,649539301
N27;PM;N;2015;26;M;MW;2;-24,01591173;6,14260818
N41;PM;N;2015;26;M;MW;2;-23,54901074;3,851878177
N42;PM;N;2015;26;M;MW;2;-23,46770745;3,399523904
N44;PM;N;2015;26;M;MW;2;-23,03921409;3,334054898
N47;PM;N;2015;26;M;MW;3;-23,08966379;3,952901363
N71;PM;N;2015;28;M;MW;4;-22,43252898;2,827762811
N72;PM;N;2015;28;M;MW;4;-23,18326681;4,044946545
N74;PM;N;2015;28;M;MW;2;-22,84588056;2,162613902
N77;PM;N;2015;28;M;MW;2;-22,02966214;1,271636847
O11;PM;O;2015;6;I;I;1;-24,43837029;9,394302127
O12;PM;O;2015;9;I;I;1;-24,6648587;9,250235474
O14;PM;O;2015;9;I;I;1;-24,47410655;9,193264669
P11;PM;P;2015;61;I;I;2;-24,81840042;6,73834197
P12;PM;P;2015;61;I;I;2;-24,94502;8,846945643
P14;PM;P;2015;61;I;I;2;-23,40971921;6,228087688
P17;PM;P;2015;61;I;I;2;-25,45407684;9,194583242
P21;PM;P;2015;62;I;I;2;-23,99102256;8,655633725
P22;PM;P;2015;63;I;I;2;-24,81284294;7,99223843
Q11;PM;Q;2015;35;I;I;2;-23,78303355;4,672457734
Q12;PM;Q;2015;35;I;I;2;-22,13540838;4,309860263
Q15;PM;Q;2015;36;I;I;2;-23,34747562;4,235451383
Q17;PM;Q;2015;35;I;I;2;-23,86610542;4,092020991
Q19;PM;Q;2015;36;I;I;2;-23,13249324;5,5553185
Q21;PM;Q;2015;35;I;I;2;-23,4445148;5,016645602
Q27;PM;Q;2015;36;I;I;2;-22,93714714;3,453070786
Q29;PM;Q;2015;36;I;I;2;-23,18608828;6,236911823
Q41;PM;Q;2015;36;I;I;2;-22,77267601;5,285249254
Q42;PM;Q;2015;36;I;I;2;-23,61095294;4,939212852
Q44;PM;Q;2015;37;I;I;2;-23,55780906;4,136105445
Q45;PM;Q;2015;36;I;I;2;-23,58388588;5,03194189
Q46;PM;Q;2015;37;I;I;2;-23,71104176;4,440508737
Q47;PM;Q;2015;37;I;I;2;-22,7304666;3,282044041
Q72;PM;Q;2015;37;I;I;2;-23,15616184;3,355329785
Q74;PM;Q;2015;36;I;I;2;-23,09077431;5,879203485
Q75;PM;Q;2015;36;I;I;2;-23,15033967;4,474365591
Q77;PM;Q;2015;36;I;I;2;-21,85811383;4,159921041
FFF11;PM;F;2016;1;M;ME;4;-24,20973876;3,994801159
FFF12;PM;F;2016;1;M;ME;4;-24,85083554;5,369593882
FFF14;PM;F;2016;1;M;ME;3;-24,19736245;5,558914034
LL12;PM;L;2016;17;I;I;4;-23,49114487;3,507179944
LL14;PM;L;2016;17;I;I;4;-22,99416331;3,774454828
LL17;PM;L;2016;17;I;I;4;-24,01683864;7,537915417
LL36;PM;L;2016;17;I;I;4;-23,88635296;5,333521537
LL41;PM;L;2016;18;I;I;4;-24,59849777;5,708013656
LL44;PM;L;2016;18;I;I;4;-24,26859266;4,391745665
LL47;PM;L;2016;18;I;I;4;-25,1023888;6,114116506
LL67;PM;L;2016;26;I;I;4;-24,47880315;5,411968589
LL74;PM;L;2016;21;I;I;4;-24,81083931;5,816104306
